Function Name,Description
ABS,ABS: Math and trigonometry:Returns the absolute value of a number
ACCRINT,ACCRINT: Financial:Returns the accrued interest for a security that pays periodic interest
ACCRINTM,ACCRINTM: Financial:Returns the accrued interest for a security that pays interest at maturity
ACOS,ACOS: Math and trigonometry:Returns the arccosine of a number
ACOSH,ACOSH: Math and trigonometry:Returns the inverse hyperbolic cosine of a number
ACOT,ACOT: Math and trigonometry:Returns the arccotangent of a number
ACOTH,ACOTH: Math and trigonometry:Returns the hyperbolic arccotangent of a number
AGGREGATE,AGGREGATE: Math and trigonometry:Returns an aggregate in a list or database
ADDRESS,ADDRESS: Lookup and reference:Returns a reference as text to a single cell in a worksheet
AMORDEGRC,AMORDEGRC: Financial:Returns the depreciation for each accounting period by using a depreciation coefficient
AMORLINC,AMORLINC: Financial:Returns the depreciation for each accounting period
AND,AND: Logical:Returns TRUE if all of its arguments are TRUE
ARABIC,"ARABIC: Math and trigonometry:Converts a Roman number to Arabic, as a number"
AREAS,AREAS: Lookup and reference:Returns the number of areas in a reference
ARRAYTOTEXT,ARRAYTOTEXT: Text:Returns an array of text values from any specified range
ASC,ASC: Text:Changes full-width (double-byte) English letters or katakana within a character string to half-width (single-byte) characters
ASIN,ASIN: Math and trigonometry:Returns the arcsine of a number
ASINH,ASINH: Math and trigonometry:Returns the inverse hyperbolic sine of a number
ATAN,ATAN: Math and trigonometry:Returns the arctangent of a number
ATAN2,ATAN2: Math and trigonometry:Returns the arctangent from x- and y-coordinates
ATANH,ATANH: Math and trigonometry:Returns the inverse hyperbolic tangent of a number
AVEDEV,AVEDEV: Statistical:Returns the average of the absolute deviations of data points from their mean
AVERAGE,AVERAGE: Statistical:Returns the average of its arguments
AVERAGEA,"AVERAGEA: Statistical:Returns the average of its arguments, including numbers, text, and logical values"
AVERAGEIF,AVERAGEIF: Statistical:Returns the average (arithmetic mean) of all the cells in a range that meet a given criteria
AVERAGEIFS,AVERAGEIFS: Statistical:Returns the average (arithmetic mean) of all cells that meet multiple criteria.
BAHTTEXT,"BAHTTEXT: Text:Converts a number to text, using the ß (baht) currency format"
BASE,BASE: Math and trigonometry:Converts a number into a text representation with the given radix (base)
BESSELI,BESSELI: Engineering:Returns the modified Bessel function In(x)
BESSELJ,BESSELJ: Engineering:Returns the Bessel function Jn(x)
BESSELK,BESSELK: Engineering:Returns the modified Bessel function Kn(x)
BESSELY,BESSELY: Engineering:Returns the Bessel function Yn(x)
BETADIST,BETADIST: Compatibility:Returns the beta cumulative distribution function
BETA.DIST,BETA.DIST: Statistical:Returns the beta cumulative distribution function
BETAINV,BETAINV: Compatibility:Returns the inverse of the cumulative distribution function for a specified beta distribution
BETA.INVn,BETA.INVn: Statistical:Returns the inverse of the cumulative distribution function for a specified beta distribution
BIN2DEC,BIN2DEC: Engineering:Converts a binary number to decimal
BIN2HEX,BIN2HEX: Engineering:Converts a binary number to hexadecimal
BIN2OCT,BIN2OCT: Engineering:Converts a binary number to octal
BINOMDIST,BINOMDIST: Compatibility:Returns the individual term binomial distribution probability
BINOM.DIST,BINOM.DIST: Statistical:Returns the individual term binomial distribution probability
BINOM.DIST.RANGE,BINOM.DIST.RANGE: Statistical:Returns the probability of a trial result using a binomial distribution
BINOM.INV,BINOM.INV: Statistical:Returns the smallest value for which the cumulative binomial distribution is less than or equal to a criterion value
BITAND,BITAND: Engineering:Returns a 'Bitwise And' of two numbers
BITLSHIFT,BITLSHIFT: Engineering:Returns a value number shifted left by shift_amount bits
BITOR,BITOR: Engineering:Returns a bitwise OR of 2 numbers
BITRSHIFT,BITRSHIFT: Engineering:Returns a value number shifted right by shift_amount bits
BITXOR,BITXOR: Engineering:Returns a bitwise 'Exclusive Or' of two numbers
BYCOL,BYCOL: Logical:Applies a LAMBDA to each column and returns an array of the results
BYROW,BYROW: Logical:Applies a LAMBDA to each row and returns an array of the results
CALL,CALL: Add-in and Automation:Calls a procedure in a dynamic link library or code resource
CEILING,CEILING: Compatibility:Rounds a number to the nearest integer or to the nearest multiple of significance
CEILING.MATH,"CEILING.MATH: Math and trigonometry:Rounds a number up, to the nearest integer or to the nearest multiple of significance"
CEILING.PRECISE,"CEILING.PRECISE: Math and trigonometry:Rounds a number the nearest integer or to the nearest multiple of significance. Regardless of the sign of the number, the number is rounded up."
CELL,"CELL: Information:Returns information about the formatting, location, or contents of a cellThis function is not available in Excel for the web."
CHAR,CHAR: Text:Returns the character specified by the code number
CHIDIST,CHIDIST: Compatibility:Returns the one-tailed probability of the chi-squared distribution
CHIINV,CHIINV: Compatibility:Returns the inverse of the one-tailed probability of the chi-squared distribution
CHITEST,CHITEST: Compatibility:Returns the test for independence
CHISQ.DIST,CHISQ.DIST: Statistical:Returns the cumulative beta probability density function
CHISQ.DIST.RT,CHISQ.DIST.RT: Statistical:Returns the one-tailed probability of the chi-squared distribution
CHISQ.INV,CHISQ.INV: Statistical:Returns the cumulative beta probability density function
CHISQ.INV.RT,CHISQ.INV.RT: Statistical:Returns the inverse of the one-tailed probability of the chi-squared distribution
CHISQ.TEST,CHISQ.TEST: Statistical:Returns the test for independence
CHOOSE,CHOOSE: Lookup and reference:Chooses a value from a list of values
CHOOSECOLS,CHOOSECOLS: Lookup and reference:Returns the specified columns from an array
CHOOSEROWS,CHOOSEROWS: Lookup and reference:Returns the specified rows from an array
CLEAN,CLEAN: Text:Removes all nonprintable characters from text
CODE,CODE: Text:Returns a numeric code for the first character in a text string
COLUMN,COLUMN: Lookup and reference:Returns the column number of a reference
COLUMNS,COLUMNS: Lookup and reference:Returns the number of columns in a reference
COMBIN,COMBIN: Math and trigonometry:Returns the number of combinations for a given number of objects
COMBINA,COMBINA: Math and trigonometry:Returns the number of combinations with repetitions for a given number of items
COMPLEX,COMPLEX: Engineering:Converts real and imaginary coefficients into a complex number
CONCAT,"CONCAT: Text:Combines the text from multiple ranges and/or strings, but it doesn't provide the delimiter or IgnoreEmpty arguments."
CONCATENATE,CONCATENATE: Text:Joins several text items into one text item
CONFIDENCE,CONFIDENCE: Compatibility:Returns the confidence interval for a population mean
CONFIDENCE.NORM,CONFIDENCE.NORM: Statistical:Returns the confidence interval for a population mean
CONFIDENCE.T,"CONFIDENCE.T: Statistical:Returns the confidence interval for a population mean, using a Student's t distribution"
CONVERT,CONVERT: Engineering:Converts a number from one measurement system to another
COPILOT,"COPILOT: Text:Categorize, summarize, and generate text using Copilot"
(Premium Copilot feature,"(Premium Copilot feature: Text:Categorize, summarize, and generate text using Copilot"
Beta),"Beta): Text:Categorize, summarize, and generate text using Copilot"
CORREL,CORREL: Statistical:Returns the correlation coefficient between two data sets
COS,COS: Math and trigonometry:Returns the cosine of a number
COSH,COSH: Math and trigonometry:Returns the hyperbolic cosine of a number
COT,COT: Math and trigonometry:Returns the hyperbolic cosine of a number
COTH,COTH: Math and trigonometry:Returns the cotangent of an angle
COUNT,COUNT: Statistical:Counts how many numbers are in the list of arguments
COUNTA,COUNTA: Statistical:Counts how many values are in the list of arguments
COUNTBLANK,COUNTBLANK: Statistical:Counts the number of blank cells within a range
COUNTIF,COUNTIF: Statistical:Counts the number of cells within a range that meet the given criteria
COUNTIFS,COUNTIFS: Statistical:Counts the number of cells within a range that meet multiple criteria
COUPDAYBS,COUPDAYBS: Financial:Returns the number of days from the beginning of the coupon period to the settlement date
COUPDAYS,COUPDAYS: Financial:Returns the number of days in the coupon period that contains the settlement date
COUPDAYSNC,COUPDAYSNC: Financial:Returns the number of days from the settlement date to the next coupon date
COUPNCD,COUPNCD: Financial:Returns the next coupon date after the settlement date
COUPNUM,COUPNUM: Financial:Returns the number of coupons payable between the settlement date and maturity date
COUPPCD,COUPPCD: Financial:Returns the previous coupon date before the settlement date
COVAR,"COVAR: Compatibility:Returns covariance, the average of the products of paired deviations"
COVARIANCE.P,"COVARIANCE.P: Statistical:Returns covariance, the average of the products of paired deviations"
COVARIANCE.S,"COVARIANCE.S: Statistical:Returns the sample covariance, the average of the products deviations for each data point pair in two data sets"
CRITBINOM,CRITBINOM: Compatibility:Returns the smallest value for which the cumulative binomial distribution is less than or equal to a criterion value
CSC,CSC: Math and trigonometry:Returns the cosecant of an angle
CSCH,CSCH: Math and trigonometry:Returns the hyperbolic cosecant of an angle
CUBEKPIMEMBER,"CUBEKPIMEMBER: Cube:Returns a key performance indicator (KPI) name, property, and measure, and displays the name and property in the cell. A KPI is a quantifiable measurement, such as monthly gross profit or quarterly employee turnover, used to monitor an organization's performance."
CUBEMEMBER,CUBEMEMBER: Cube:Returns a member or tuple in a cube hierarchy. Use to validate that the member or tuple exists in the cube.
CUBEMEMBERPROPERTY,CUBEMEMBERPROPERTY: Cube:Returns the value of a member property in the cube. Use to validate that a member name exists within the cube and to return the specified property for this member.
CUBERANKEDMEMBER,"CUBERANKEDMEMBER: Cube:Returns the nth, or ranked, member in a set. Use to return one or more elements in a set, such as the top sales performer or top 10 students."
CUBESET,"CUBESET: Cube:Defines a calculated set of members or tuples by sending a set expression to the cube on the server, which creates the set, and then returns that set to Microsoft Office Excel."
CUBESETCOUNT,CUBESETCOUNT: Cube:Returns the number of items in a set.
CUBEVALUE,CUBEVALUE: Cube:Returns an aggregated value from a cube.
CUMIPMT,CUMIPMT: Financial:Returns the cumulative interest paid between two periods
CUMPRINC,CUMPRINC: Financial:Returns the cumulative principal paid on a loan between two periods
DATE,DATE: Date and time:Returns the serial number of a particular date
DATEDIF,"DATEDIF: Date and time:Calculates the number of days, months, or years between two dates. This function is useful in formulas where you need to calculate an age."
DATEVALUE,DATEVALUE: Date and time:Converts a date in the form of text to a serial number
DAVERAGE,DAVERAGE: Database:Returns the average of selected database entries
DAY,DAY: Date and time:Converts a serial number to a day of the month
DAYS,DAYS: Date and time:Returns the number of days between two dates
DAYS360,DAYS360: Date and time:Calculates the number of days between two dates based on a 360-day year
DB,DB: Financial:Returns the depreciation of an asset for a specified period by using the fixed-declining balance method
DBCS,DBCS: Text:Changes half-width (single-byte) English letters or katakana within a character string to full-width (double-byte) characters
DCOUNT,DCOUNT: Database:Counts the cells that contain numbers in a database
DCOUNTA,DCOUNTA: Database:Counts nonblank cells in a database
DDB,DDB: Financial:Returns the depreciation of an asset for a specified period by using the double-declining balance method or some other method that you specify
DEC2BIN,DEC2BIN: Engineering:Converts a decimal number to binary
DEC2HEX,DEC2HEX: Engineering:Converts a decimal number to hexadecimal
DEC2OCT,DEC2OCT: Engineering:Converts a decimal number to octal
DECIMAL,DECIMAL: Math and trigonometry:Converts a text representation of a number in a given base into a decimal number
DEGREES,DEGREES: Math and trigonometry:Converts radians to degrees
DELTA,DELTA: Engineering:Tests whether two values are equal
DETECTLANGUAGE,DETECTLANGUAGE: Text:Identifies the language of a specified text
(Microsoft 365),(Microsoft 365): Text:Identifies the language of a specified text
DEVSQ,DEVSQ: Statistical:Returns the sum of squares of deviations
DGET,DGET: Database:Extracts from a database a single record that matches the specified criteria
DISC,DISC: Financial:Returns the discount rate for a security
DMAX,DMAX: Database:Returns the maximum value from selected database entries
DMIN,DMIN: Database:Returns the minimum value from selected database entries
DOLLAR,"DOLLAR: Text:Converts a number to text, using the $ (dollar) currency format"
DOLLARDE,"DOLLARDE: Financial:Converts a dollar price, expressed as a fraction, into a dollar price, expressed as a decimal number"
DOLLARFR,"DOLLARFR: Financial:Converts a dollar price, expressed as a decimal number, into a dollar price, expressed as a fraction"
DPRODUCT,DPRODUCT: Database:Multiplies the values in a particular field of records that match the criteria in a database
DROP,DROP: Lookup and reference:Excludes a specified number of rows or columns from the start or end of an array
DSTDEV,DSTDEV: Database:Estimates the standard deviation based on a sample of selected database entries
DSTDEVP,DSTDEVP: Database:Calculates the standard deviation based on the entire population of selected database entries
DSUM,DSUM: Database:Adds the numbers in the field column of records in the database that match the criteria
DURATION,DURATION: Financial:Returns the annual duration of a security with periodic interest payments
DVAR,DVAR: Database:Estimates variance based on a sample from selected database entries
DVARP,DVARP: Database:Calculates variance based on the entire population of selected database entries
EDATE,EDATE: Date and time:Returns the serial number of the date that is the indicated number of months before or after the start date
EFFECT,EFFECT: Financial:Returns the effective annual interest rate
ENCODEURL,ENCODEURL: Web:Returns a URL-encoded stringThis function is not available in Excel for the web.
EOMONTH,EOMONTH: Date and time:Returns the serial number of the last day of the month before or after a specified number of months
ERF,ERF: Engineering:Returns the error function
ERF.PRECISE,ERF.PRECISE: Engineering:Returns the error function
ERFC,ERFC: Engineering:Returns the complementary error function
ERFC.PRECISE,ERFC.PRECISE: Engineering:Returns the complementary ERF function integrated between x and infinity
ERROR.TYPE,ERROR.TYPE: Information:Returns a number corresponding to an error type
EUROCONVERT,"EUROCONVERT: Add-in and Automation:Converts a number to euros, converts a number from euros to a euro member currency, or converts a number from one euro member currency to another by using the euro as an intermediary (triangulation)."
EVEN,EVEN: Math and trigonometry:Rounds a number up to the nearest even integer
EXACT,EXACT: Text:Checks to see if two text values are identical
EXP,EXP: Math and trigonometry:Returnseraised to the power of a given number
EXPAND,EXPAND: Lookup and reference:Expands or pads an array to specified row and column dimensions
EXPON.DIST,EXPON.DIST: Statistical:Returns the exponential distribution
EXPONDIST,EXPONDIST: Compatibility:Returns the exponential distribution
FACT,FACT: Math and trigonometry:Returns the factorial of a number
FACTDOUBLE,FACTDOUBLE: Math and trigonometry:Returns the double factorial of a number
FALSE,FALSE: Logical:Returns the logical value FALSE
F.DIST,F.DIST: Statistical:Returns the F probability distribution
FDIST,FDIST: Compatibility:Returns the F probability distribution
F.DIST.RT,F.DIST.RT: Statistical:Returns the F probability distribution
FILTER,FILTER: Lookup and reference:Filters a range of data based on criteria you define
FILTERXML,FILTERXML: Web:Returns specific data from the XML content by using the specified XPathThis function is not available in Excel for the web.
FIND,FIND: Text:Finds one text value within another (case-sensitive)
FINDB,FINDB: Text:Finds one text value within another (case-sensitive)
F.INV,F.INV: Statistical:Returns the inverse of the F probability distribution
F.INV.RT,F.INV.RT: Statistical:Returns the inverse of the F probability distribution
FINV,FINV: Compatibility:Returns the inverse of the F probability distribution
FISHER,FISHER: Statistical:Returns the Fisher transformation
FISHERINV,FISHERINV: Statistical:Returns the inverse of the Fisher transformation
FIXED,FIXED: Text:Formats a number as text with a fixed number of decimals
FLOOR,"FLOOR: Compatibility:Rounds a number down, toward zero"
FLOOR.MATH,"FLOOR.MATH: Math and trigonometry:Rounds a number down, to the nearest integer or to the nearest multiple of significance"
FLOOR.PRECISE,"FLOOR.PRECISE: Math and trigonometry:Rounds a number the nearest integer or to the nearest multiple of significance. Regardless of the sign of the number, the number is rounded up."
FORECAST,"FORECAST: Statistical:Returns a value along a linear trendThis function has been replaced withFORECAST.LINEARas part of the newForecasting, but it's still available for compatibility with earlier versions."
FORECAST.ETS,FORECAST.ETS: Statistical:Returns a future value based on existing (historical) values by using the AAA version of the Exponential Smoothing (ETS) algorithm
FORECAST.ETS.CONFINT,FORECAST.ETS.CONFINT: Statistical:Returns a confidence interval for the forecast value at the specified target date
FORECAST.ETS.SEASONALITY,FORECAST.ETS.SEASONALITY: Statistical:Returns the length of the repetitive pattern Excel detects for the specified time series
FORECAST.ETS.STAT,FORECAST.ETS.STAT: Statistical:Returns a statistical value as a result of time series forecasting
FORECAST.LINEAR,FORECAST.LINEAR: Statistical:Returns a future value based on existing values
FORMULATEXT,FORMULATEXT: Lookup and reference:Returns the formula at the given reference as text
FREQUENCY,FREQUENCY: Statistical:Returns a frequency distribution as a vertical array
F.TEST,F.TEST: Statistical:Returns the result of an F-test
FTEST,FTEST: Compatibility:Returns the result of an F-test
FV,FV: Financial:Returns the future value of an investment
FVSCHEDULE,FVSCHEDULE: Financial:Returns the future value of an initial principal after applying a series of compound interest rates
GAMMA,GAMMA: Statistical:Returns the Gamma function value
GAMMA.DIST,GAMMA.DIST: Statistical:Returns the gamma distribution
GAMMADIST,GAMMADIST: Compatibility:Returns the gamma distribution
GAMMA.INV,GAMMA.INV: Statistical:Returns the inverse of the gamma cumulative distribution
GAMMAINV,GAMMAINV: Compatibility:Returns the inverse of the gamma cumulative distribution
GAMMALN,"GAMMALN: Statistical:Returns the natural logarithm of the gamma function, Γ(x)"
GAMMALN.PRECISE,"GAMMALN.PRECISE: Statistical:Returns the natural logarithm of the gamma function, Γ(x)"
GAUSS,GAUSS: Statistical:Returns 0.5 less than the standard normal cumulative distribution
GCD,GCD: Math and trigonometry:Returns the greatest common divisor
GEOMEAN,GEOMEAN: Statistical:Returns the geometric mean
GESTEP,GESTEP: Engineering:Tests whether a number is greater than a threshold value
GETPIVOTDATA,GETPIVOTDATA: Lookup and reference:Returns data stored in a PivotTable report
GROUPBY,"GROUPBY: Lookup and reference:Helps a user group, aggregate, sort, and filter data based on the fields you specify"
(Microsoft 365),"(Microsoft 365): Lookup and reference:Helps a user group, aggregate, sort, and filter data based on the fields you specify"
GROWTH,GROWTH: Statistical:Returns values along an exponential trend
HARMEAN,HARMEAN: Statistical:Returns the harmonic mean
HEX2BIN,HEX2BIN: Engineering:Converts a hexadecimal number to binary
HEX2DEC,HEX2DEC: Engineering:Converts a hexadecimal number to decimal
HEX2OCT,HEX2OCT: Engineering:Converts a hexadecimal number to octal
HLOOKUP,HLOOKUP: Lookup and reference:Looks in the top row of an array and returns the value of the indicated cell
HOUR,HOUR: Date and time:Converts a serial number to an hour
HSTACK,HSTACK: Lookup and reference:Appends arrays horizontally and in sequence to return a larger array
HYPERLINK,"HYPERLINK: Lookup and reference:Creates a shortcut or jump that opens a document stored on a network server, an intranet, or the Internet"
HYPGEOM.DIST,HYPGEOM.DIST: Statistical:Returns the hypergeometric distribution
HYPGEOMDIST,HYPGEOMDIST: Compatibility:Returns the hypergeometric distribution
IF,IF: Logical:Specifies a logical test to perform
IFERROR,"IFERROR: Logical:Returns a value you specify if a formula evaluates to an error; otherwise, returns the result of the formula"
IFNA,"IFNA: Logical:Returns the value you specify if the expression resolves to #N/A, otherwise returns the result of the expression"
IFS,IFS: Logical:Checks whether one or more conditions are met and returns a value that corresponds to the first TRUE condition.
IMABS,IMABS: Engineering:Returns the absolute value (modulus) of a complex number
IMAGE,IMAGE: Lookup and reference:Returns an image from a given source
IMAGINARY,IMAGINARY: Engineering:Returns the imaginary coefficient of a complex number
IMARGUMENT,"IMARGUMENT: Engineering:Returns the argument theta, an angle expressed in radians"
IMCONJUGATE,IMCONJUGATE: Engineering:Returns the complex conjugate of a complex number
IMCOS,IMCOS: Engineering:Returns the cosine of a complex number
IMCOSH,IMCOSH: Engineering:Returns the hyperbolic cosine of a complex number
IMCOT,IMCOT: Engineering:Returns the cotangent of a complex number
IMCSC,IMCSC: Engineering:Returns the cosecant of a complex number
IMCSCH,IMCSCH: Engineering:Returns the hyperbolic cosecant of a complex number
IMDIV,IMDIV: Engineering:Returns the quotient of two complex numbers
IMEXP,IMEXP: Engineering:Returns the exponential of a complex number
IMLN,IMLN: Engineering:Returns the natural logarithm of a complex number
IMLOG10,IMLOG10: Engineering:Returns the base-10 logarithm of a complex number
IMLOG2,IMLOG2: Engineering:Returns the base-2 logarithm of a complex number
IMPOWER,IMPOWER: Engineering:Returns a complex number raised to an integer power
IMPRODUCT,IMPRODUCT: Engineering:Returns the product of complex numbers
IMREAL,IMREAL: Engineering:Returns the real coefficient of a complex number
IMSEC,IMSEC: Engineering:Returns the secant of a complex number
IMSECH,IMSECH: Engineering:Returns the hyperbolic secant of a complex number
IMSIN,IMSIN: Engineering:Returns the sine of a complex number
IMSINH,IMSINH: Engineering:Returns the hyperbolic sine of a complex number
IMSQRT,IMSQRT: Engineering:Returns the square root of a complex number
IMSUB,IMSUB: Engineering:Returns the difference between two complex numbers
IMSUM,IMSUM: Engineering:Returns the sum of complex numbers
IMTAN,IMTAN: Engineering:Returns the tangent of a complex number
INDEX,INDEX: Lookup and reference:Uses an index to choose a value from a reference or array
INDIRECT,INDIRECT: Lookup and reference:Returns a reference indicated by a text value
INFO,INFO: Information:Returns information about the current operating environmentThis function is not available in Excel for the web.
INT,INT: Math and trigonometry:Rounds a number down to the nearest integer
INTERCEPT,INTERCEPT: Statistical:Returns the intercept of the linear regression line
INTRATE,INTRATE: Financial:Returns the interest rate for a fully invested security
IPMT,IPMT: Financial:Returns the interest payment for an investment for a given period
IRR,IRR: Financial:Returns the internal rate of return for a series of cash flows
ISBLANK,ISBLANK: Information:Returns TRUE if the value is blank
ISERR,ISERR: Information:Returns TRUE if the value is any error value except #N/A
ISERROR,ISERROR: Information:Returns TRUE if the value is any error value
ISEVEN,ISEVEN: Information:Returns TRUE if the number is even
ISFORMULA,ISFORMULA: Information:Returns TRUE if there is a reference to a cell that contains a formula
ISLOGICAL,ISLOGICAL: Information:Returns TRUE if the value is a logical value
ISNA,ISNA: Information:Returns TRUE if the value is the #N/A error value
ISNONTEXT,ISNONTEXT: Information:Returns TRUE if the value is not text
ISNUMBER,ISNUMBER: Information:Returns TRUE if the value is a number
ISODD,ISODD: Information:Returns TRUE if the number is odd
ISOMITTED,ISOMITTED: Information:Checks whether the value in a LAMBDA is missing and returns TRUE or FALSE
ISREF,ISREF: Information:Returns TRUE if the value is a reference
ISTEXT,ISTEXT: Information:Returns TRUE if the value is text
ISO.CEILING,ISO.CEILING: Math and trigonometry:Returns a number that is rounded up to the nearest integer or to the nearest multiple of significance
ISOWEEKNUM,ISOWEEKNUM: Date and time:Returns the number of the ISO week number of the year for a given date
ISPMT,ISPMT: Financial:Calculates the interest paid during a specific period of an investment
JIS,JIS: Text:Changes half-width (single-byte) characters within a string to full-width (double-byte) characters
KURT,KURT: Statistical:Returns the kurtosis of a data set
LAMBDA,"LAMBDA: Logical:Create custom, reusable and call them by a friendly name"
LARGE,LARGE: Statistical:Returns the k-th largest value in a data set
LCM,LCM: Math and trigonometry:Returns the least common multiple
LEFT,LEFT: Text:Returns the leftmost characters from a text value
LEFTB,LEFTB: Text:Returns the leftmost characters from a text value
LEN,LEN: Text:Returns the number of characters in a text string
LENB,LENB: Text:Returns the number of characters in a text string
LET,LET: Logical:Assigns names to calculation results
LINEST,LINEST: Statistical:Returns the parameters of a linear trend
LN,LN: Math and trigonometry:Returns the natural logarithm of a number
LOG,LOG: Math and trigonometry:Returns the logarithm of a number to a specified base
LOG10,LOG10: Math and trigonometry:Returns the base-10 logarithm of a number
LOGEST,LOGEST: Statistical:Returns the parameters of an exponential trend
LOGINV,LOGINV: Compatibility:Returns the inverse of the lognormal cumulative distribution
LOGNORM.DIST,LOGNORM.DIST: Statistical:Returns the cumulative lognormal distribution
LOGNORMDIST,LOGNORMDIST: Compatibility:Returns the cumulative lognormal distribution
LOGNORM.INV,LOGNORM.INV: Statistical:Returns the inverse of the lognormal cumulative distribution
LOOKUP,LOOKUP: Lookup and reference:Looks up values in a vector or array
LOWER,LOWER: Text:Converts text to lowercase
MAKEARRAY,"MAKEARRAY: Logical:Returns a calculated array of a specified row and column size, by applying a LAMBDA"
MAP,MAP: Logical:Returns an array formed by mapping each value in the array(s) to a new value by applying a LAMBDA to create a new value
MATCH,MATCH: Lookup and reference:Looks up values in a reference or array
MAX,MAX: Statistical:Returns the maximum value in a list of arguments
MAXA,"MAXA: Statistical:Returns the maximum value in a list of arguments, including numbers, text, and logical values"
MAXIFS,MAXIFS: Statistical:Returns the maximum value among cells specified by a given set of conditions or criteria
MDETERM,MDETERM: Math and trigonometry:Returns the matrix determinant of an array
MDURATION,MDURATION: Financial:Returns the Macauley modified duration for a security with an assumed par value of $100
MEDIAN,MEDIAN: Statistical:Returns the median of the given numbers
MID,MID: Text:Returns a specific number of characters from a text string starting at the position you specify
MIDB,MIDB: Text:Returns a specific number of characters from a text string starting at the position you specify
MIN,MIN: Statistical:Returns the minimum value in a list of arguments
MINIFS,MINIFS: Statistical:Returns the minimum value among cells specified by a given set of conditions or criteria.
MINA,"MINA: Statistical:Returns the smallest value in a list of arguments, including numbers, text, and logical values"
MINUTE,MINUTE: Date and time:Converts a serial number to a minute
MINVERSE,MINVERSE: Math and trigonometry:Returns the matrix inverse of an array
MIRR,MIRR: Financial:Returns the internal rate of return where positive and negative cash flows are financed at different rates
MMULT,MMULT: Math and trigonometry:Returns the matrix product of two arrays
MOD,MOD: Math and trigonometry:Returns the remainder from division
MODE,MODE: Compatibility:Returns the most common value in a data set
MODE.MULT,"MODE.MULT: Statistical:Returns a vertical array of the most frequently occurring, or repetitive values in an array or range of data"
MODE.SNGL,MODE.SNGL: Statistical:Returns the most common value in a data set
MONTH,MONTH: Date and time:Converts a serial number to a month
MROUND,MROUND: Math and trigonometry:Returns a number rounded to the desired multiple
MULTINOMIAL,MULTINOMIAL: Math and trigonometry:Returns the multinomial of a set of numbers
MUNIT,MUNIT: Math and trigonometry:Returns the unit matrix or the specified dimension
N,N: Information:Returns a value converted to a number
NA,NA: Information:Returns the error value #N/A
NEGBINOM.DIST,NEGBINOM.DIST: Statistical:Returns the negative binomial distribution
NEGBINOMDIST,NEGBINOMDIST: Compatibility:Returns the negative binomial distribution
NETWORKDAYS,NETWORKDAYS: Date and time:Returns the number of whole workdays between two dates
NETWORKDAYS.INTL,NETWORKDAYS.INTL: Date and time:Returns the number of whole workdays between two dates using parameters to indicate which and how many days are weekend days
NOMINAL,NOMINAL: Financial:Returns the annual nominal interest rate
NORM.DIST,NORM.DIST: Statistical:Returns the normal cumulative distribution
NORMDIST,NORMDIST: Compatibility:Returns the normal cumulative distribution
NORMINV,NORMINV: Statistical:Returns the inverse of the normal cumulative distribution
NORM.INV,NORM.INV: Compatibility:Returns the inverse of the normal cumulative distribution
NORM.S.DIST,NORM.S.DIST: Statistical:Returns the standard normal cumulative distribution
NORMSDIST,NORMSDIST: Compatibility:Returns the standard normal cumulative distribution
NORM.S.INV,NORM.S.INV: Statistical:Returns the inverse of the standard normal cumulative distribution
NORMSINV,NORMSINV: Compatibility:Returns the inverse of the standard normal cumulative distribution
NOT,NOT: Logical:Reverses the logic of its argument
NOW,NOW: Date and time:Returns the serial number of the current date and time
NPER,NPER: Financial:Returns the number of periods for an investment
NPV,NPV: Financial:Returns the net present value of an investment based on a series of periodic cash flows and a discount rate
NUMBERVALUE,NUMBERVALUE: Text:Converts text to number in a locale-independent manner
OCT2BIN,OCT2BIN: Engineering:Converts an octal number to binary
OCT2DEC,OCT2DEC: Engineering:Converts an octal number to decimal
OCT2HEX,OCT2HEX: Engineering:Converts an octal number to hexadecimal
ODD,ODD: Math and trigonometry:Rounds a number up to the nearest odd integer
ODDFPRICE,ODDFPRICE: Financial:Returns the price per $100 face value of a security with an odd first period
ODDFYIELD,ODDFYIELD: Financial:Returns the yield of a security with an odd first period
ODDLPRICE,ODDLPRICE: Financial:Returns the price per $100 face value of a security with an odd last period
ODDLYIELD,ODDLYIELD: Financial:Returns the yield of a security with an odd last period
OFFSET,OFFSET: Lookup and reference:Returns a reference offset from a given reference
OR,OR: Logical:Returns TRUE if any argument is TRUE
PDURATION,PDURATION: Financial:Returns the number of periods required by an investment to reach a specified value
PEARSON,PEARSON: Statistical:Returns the Pearson product moment correlation coefficient
PERCENTILE.EXC,"PERCENTILE.EXC: Statistical:Returns the k-th percentile of values in a range, where k is in the range 0..1, exclusive"
PERCENTILE.INC,PERCENTILE.INC: Statistical:Returns the k-th percentile of values in a range
PERCENTILE,PERCENTILE: Compatibility:Returns the k-th percentile of values in a range
PERCENTOF,PERCENTOF: Math and trigonometry:Sums the values in the subset and divides it by all the values
(Microsoft 365),(Microsoft 365): Math and trigonometry:Sums the values in the subset and divides it by all the values
PERCENTRANK.EXC,"PERCENTRANK.EXC: Statistical:Returns the rank of a value in a data set as a percentage (0..1, exclusive) of the data set"
PERCENTRANK.INC,PERCENTRANK.INC: Statistical:Returns the percentage rank of a value in a data set
PERCENTRANK,PERCENTRANK: Compatibility:Returns the percentage rank of a value in a data set
PERMUT,PERMUT: Statistical:Returns the number of permutations for a given number of objects
PERMUTATIONA,PERMUTATIONA: Statistical:Returns the number of permutations for a given number of objects (with repetitions) that can be selected from the total objects
PHI,PHI: Statistical:Returns the value of the density function for a standard normal distribution
PHONETIC,PHONETIC: Text:Extracts the phonetic (furigana) characters from a text string
PI,PI: Math and trigonometry:Returns the value of pi
PIVOTBY,"PIVOTBY: Lookup and reference:Helps a user group, aggregate, sort, and filter data based on the row and column fields that you specify"
(Microsoft 365),"(Microsoft 365): Lookup and reference:Helps a user group, aggregate, sort, and filter data based on the row and column fields that you specify"
PMT,PMT: Financial:Returns the periodic payment for an annuity
POISSON.DIST,POISSON.DIST: Statistical:Returns the Poisson distribution
POISSON,POISSON: Compatibility:Returns the Poisson distribution
POWER,POWER: Math and trigonometry:Returns the result of a number raised to a power
PPMT,PPMT: Financial:Returns the payment on the principal for an investment for a given period
PRICE,PRICE: Financial:Returns the price per $100 face value of a security that pays periodic interest
PRICEDISC,PRICEDISC: Financial:Returns the price per $100 face value of a discounted security
PRICEMAT,PRICEMAT: Financial:Returns the price per $100 face value of a security that pays interest at maturity
PROB,PROB: Statistical:Returns the probability that values in a range are between two limits
PRODUCT,PRODUCT: Math and trigonometry:Multiplies its arguments
PROPER,PROPER: Text:Capitalizes the first letter in each word of a text value
PV,PV: Financial:Returns the present value of an investment
QUARTILE,QUARTILE: Compatibility:Returns the quartile of a data set
QUARTILE.EXC,"QUARTILE.EXC: Statistical:Returns the quartile of the data set, based on percentile values from 0..1, exclusive"
QUARTILE.INC,QUARTILE.INC: Statistical:Returns the quartile of a data set
QUOTIENT,QUOTIENT: Math and trigonometry:Returns the integer portion of a division
RADIANS,RADIANS: Math and trigonometry:Converts degrees to radians
RAND,RAND: Math and trigonometry:Returns a random number between 0 and 1
RANDARRAY,"RANDARRAY: Math and trigonometry:Returns an array of random numbers between 0 and 1. However, you can specify the number of rows and columns to fill, minimum and maximum values, and whether to return whole numbers or decimal values."
RANDBETWEEN,RANDBETWEEN: Math and trigonometry:Returns a random number between the numbers you specify
RANK.AVG,RANK.AVG: Statistical:Returns the rank of a number in a list of numbers
RANK.EQ,RANK.EQ: Statistical:Returns the rank of a number in a list of numbers
RANK,RANK: Compatibility:Returns the rank of a number in a list of numbers
RATE,RATE: Financial:Returns the interest rate per period of an annuity
RECEIVED,RECEIVED: Financial:Returns the amount received at maturity for a fully invested security
REDUCE,REDUCE: Logical:Reduces an array to an accumulated value by applying a LAMBDA to each value and returning the total value in the accumulator
REGEXEXTRACT,REGEXEXTRACT: Text:Extracts strings within the provided text that matches the pattern
(Microsoft 365),(Microsoft 365): Text:Extracts strings within the provided text that matches the pattern
REGEXREPLACE,REGEXREPLACE: Text:Replaces strings within the provided text that matches the pattern with replacement
(Microsoft 365),(Microsoft 365): Text:Replaces strings within the provided text that matches the pattern with replacement
REGEXTEST,REGEXTEST: Text:Determines whether any part of text matches the pattern
(Microsoft 365),(Microsoft 365): Text:Determines whether any part of text matches the pattern
REGISTER.ID,REGISTER.ID: Add-in and Automation:Returns the register ID of the specified dynamic link library (DLL) or code resource that has been previously registered
REPLACE,REPLACE: Text:Replaces characters within text
REPLACEB,REPLACEB: Text:Replaces characters within text
REPT,REPT: Text:Repeats text a given number of times
RIGHT,RIGHT: Text:Returns the rightmost characters from a text value
RIGHTB,RIGHTB: Text:Returns the rightmost characters from a text value
ROMAN,"ROMAN: Math and trigonometry:Converts an arabic numeral to roman, as text"
ROUND,ROUND: Math and trigonometry:Rounds a number to a specified number of digits
ROUNDDOWN,"ROUNDDOWN: Math and trigonometry:Rounds a number down, toward zero"
ROUNDUP,"ROUNDUP: Math and trigonometry:Rounds a number up, away from zero"
ROW,ROW: Lookup and reference:Returns the row number of a reference
ROWS,ROWS: Lookup and reference:Returns the number of rows in a reference
RRI,RRI: Financial:Returns an equivalent interest rate for the growth of an investment
RSQ,RSQ: Statistical:Returns the square of the Pearson product moment correlation coefficient
RTD,RTD: Lookup and reference:Retrieves real-time data from a program that supports COM automation
SCAN,SCAN: Logical:Scans an array by applying a LAMBDA to each value and returns an array that has each intermediate value
SEARCH,SEARCH: Text:Finds one text value within another (not case-sensitive)
SEARCHB,SEARCHB: Text:Finds one text value within another (not case-sensitive)
SEC,SEC: Math and trigonometry:Returns the secant of an angle
SECH,SECH: Math and trigonometry:Returns the hyperbolic secant of an angle
SECOND,SECOND: Date and time:Converts a serial number to a second
SEQUENCE,"SEQUENCE: Math and trigonometry:Generates a list of sequential numbers in an array, such as 1, 2, 3, 4"
SERIESSUM,SERIESSUM: Math and trigonometry:Returns the sum of a power series based on the formula
SHEET,SHEET: Information:Returns the sheet number of the referenced sheet
SHEETS,SHEETS: Information:Returns the number of sheets in a reference
SIGN,SIGN: Math and trigonometry:Returns the sign of a number
SIN,SIN: Math and trigonometry:Returns the sine of the given angle
SINH,SINH: Math and trigonometry:Returns the hyperbolic sine of a number
SKEW,SKEW: Statistical:Returns the skewness of a distribution
SKEW.P,SKEW.P: Statistical:Returns the skewness of a distribution based on a population: a characterization of the degree of asymmetry of a distribution around its mean
SLN,SLN: Financial:Returns the straight-line depreciation of an asset for one period
SLOPE,SLOPE: Statistical:Returns the slope of the linear regression line
SMALL,SMALL: Statistical:Returns the k-th smallest value in a data set
SORT,SORT: Lookup and reference:Sorts the contents of a range or array
SORTBY,SORTBY: Lookup and reference:Sorts the contents of a range or array based on the values in a corresponding range or array
SQRT,SQRT: Math and trigonometry:Returns a positive square root
SQRTPI,SQRTPI: Math and trigonometry:Returns the square root of (number * pi)
STANDARDIZE,STANDARDIZE: Statistical:Returns a normalized value
STDEV,STDEV: Compatibility:Estimates standard deviation based on a sample
STDEV.P,STDEV.P: Statistical:Calculates standard deviation based on the entire population
STDEV.S,STDEV.S: Statistical:Estimates standard deviation based on a sample
STDEVA,"STDEVA: Statistical:Estimates standard deviation based on a sample, including numbers, text, and logical values"
STDEVP,STDEVP: Compatibility:Calculates standard deviation based on the entire population
STDEVPA,"STDEVPA: Statistical:Calculates standard deviation based on the entire population, including numbers, text, and logical values"
STEYX,STEYX: Statistical:Returns the standard error of the predicted y-value for each x in the regression
STOCKHISTORY,STOCKHISTORY: Information:Retrieves historical data about a financial instrument and loads it as an array
SUBSTITUTE,SUBSTITUTE: Text:Substitutes new text for old text in a text string
SUBTOTAL,SUBTOTAL: Math and trigonometry:Returns a subtotal in a list or database
SUM,SUM: Math and trigonometry:Adds its arguments
SUMIF,SUMIF: Math and trigonometry:Adds the cells specified by a given criteria
SUMIFS,SUMIFS: Math and trigonometry:Adds the cells in a range that meet multiple criteria
SUMPRODUCT,SUMPRODUCT: Math and trigonometry:Returns the sum of the products of corresponding array components
SUMSQ,SUMSQ: Math and trigonometry:Returns the sum of the squares of the arguments
SUMX2MY2,SUMX2MY2: Math and trigonometry:Returns the sum of the difference of squares of corresponding values in two arrays
SUMX2PY2,SUMX2PY2: Math and trigonometry:Returns the sum of the sum of squares of corresponding values in two arrays
SUMXMY2,SUMXMY2: Math and trigonometry:Returns the sum of squares of differences of corresponding values in two arrays
SWITCH,"SWITCH: Logical:Evaluates an expression against a list of values and returns the result corresponding to the first matching value. If there is no match, an optional default value may be returned."
SYD,SYD: Financial:Returns the sum-of-years' digits depreciation of an asset for a specified period
T,T: Text:Converts its arguments to text
TAN,TAN: Math and trigonometry:Returns the tangent of a number
TANH,TANH: Math and trigonometry:Returns the hyperbolic tangent of a number
TAKE,TAKE: Lookup and reference:Returns a specified number of contiguous rows or columns from the start or end of an array
TBILLEQ,TBILLEQ: Financial:Returns the bond-equivalent yield for a Treasury bill
TBILLPRICE,TBILLPRICE: Financial:Returns the price per $100 face value for a Treasury bill
TBILLYIELD,TBILLYIELD: Financial:Returns the yield for a Treasury bill
T.DIST,T.DIST: Statistical:Returns the Percentage Points (probability) for the Student t-distribution
T.DIST.2T,T.DIST.2T: Statistical:Returns the Percentage Points (probability) for the Student t-distribution
T.DIST.RT,T.DIST.RT: Statistical:Returns the Student's t-distribution
TDIST,TDIST: Compatibility:Returns the Student's t-distribution
TEXT,TEXT: Text:Formats a number and converts it to text
TEXTAFTER,TEXTAFTER: Text:Returns text that occurs after given character or string
TEXTBEFORE,TEXTBEFORE: Text:Returns text that occurs before a given character or string
TEXTJOIN,TEXTJOIN: Text:Combines the text from multiple ranges and/or strings
TEXTSPLIT,TEXTSPLIT: Text:Splits text strings by using column and row delimiters
TIME,TIME: Date and time:Returns the serial number of a particular time
TIMEVALUE,TIMEVALUE: Date and time:Converts a time in the form of text to a serial number
T.INV,T.INV: Statistical:Returns the t-value of the Student's t-distribution as a function of the probability and the degrees of freedom
T.INV.2T,T.INV.2T: Statistical:Returns the inverse of the Student's t-distribution
TINV,TINV: Compatibility:Returns the inverse of the Student's t-distribution
TOCOL,TOCOL: Lookup and reference:Returns the array in a single column
TOROW,TOROW: Lookup and reference:Returns the array in a single row
TODAY,TODAY: Date and time:Returns the serial number of today's date
TRANSLATE,TRANSLATE: Text:Translates a text from one language to another
(Microsoft 365),(Microsoft 365): Text:Translates a text from one language to another
TRANSPOSE,TRANSPOSE: Lookup and reference:Returns the transpose of an array
TREND,TREND: Statistical:Returns values along a linear trend
TRIM,TRIM: Text:Removes spaces from text
TRIMMEAN,TRIMMEAN: Statistical:Returns the mean of the interior of a data set
TRIMRANGE,"TRIMRANGE: Lookup and reference:Scans in from the edges of a range or array until it finds a non-blank cell (or value), it then excludes those blank rows or columns"
(Microsoft 365),"(Microsoft 365): Lookup and reference:Scans in from the edges of a range or array until it finds a non-blank cell (or value), it then excludes those blank rows or columns"
TRUE,TRUE: Logical:Returns the logical value TRUE
TRUNC,TRUNC: Math and trigonometry:Truncates a number to an integer
T.TEST,T.TEST: Statistical:Returns the probability associated with a Student's t-test
TTEST,TTEST: Compatibility:Returns the probability associated with a Student's t-test
TYPE,TYPE: Information:Returns a number indicating the data type of a value
UNICHAR,UNICHAR: Text:Returns the Unicode character that is references by the given numeric value
UNICODE,UNICODE: Text:Returns the number (code point) that corresponds to the first character of the text
UNIQUE,UNIQUE: Lookup and reference:Returns a list of unique values in a list or range
UPPER,UPPER: Text:Converts text to uppercase
VALUE,VALUE: Text:Converts a text argument to a number
VALUETOTEXT,VALUETOTEXT: Text:Returns text from any specified value
VAR,VAR: Compatibility:Estimates variance based on a sample
VAR.P,VAR.P: Statistical:Calculates variance based on the entire population
VAR.S,VAR.S: Statistical:Estimates variance based on a sample
VARA,"VARA: Statistical:Estimates variance based on a sample, including numbers, text, and logical values"
VARP,VARP: Compatibility:Calculates variance based on the entire population
VARPA,"VARPA: Statistical:Calculates variance based on the entire population, including numbers, text, and logical values"
VDB,VDB: Financial:Returns the depreciation of an asset for a specified or partial period by using a declining balance method
VLOOKUP,VLOOKUP: Lookup and reference:Looks in the first column of an array and moves across the row to return the value of a cell
VSTACK,VSTACK: Look and reference:Appends arrays vertically and in sequence to return a larger array
WEBSERVICE,WEBSERVICE: Web:Returns data from a web service.This function is not available in Excel for the web.
WEEKDAY,WEEKDAY: Date and time:Converts a serial number to a day of the week
WEEKNUM,WEEKNUM: Date and time:Converts a serial number to a number representing where the week falls numerically with a year
WEIBULL,"WEIBULL: Compatibility:Calculates variance based on the entire population, including numbers, text, and logical values"
WEIBULL.DIST,WEIBULL.DIST: Statistical:Returns the Weibull distribution
WORKDAY,WORKDAY: Date and time:Returns the serial number of the date before or after a specified number of workdays
WORKDAY.INTL,WORKDAY.INTL: Date and time:Returns the serial number of the date before or after a specified number of workdays using parameters to indicate which and how many days are weekend days
WRAPCOLS,WRAPCOLS: Look and reference:Wraps the provided row or column of values by columns after a specified number of elements
WRAPROWS,WRAPROWS: Look and reference:Wraps the provided row or column of values by rows after a specified number of elements
XIRR,XIRR: Financial:Returns the internal rate of return for a schedule of cash flows that is not necessarily periodic
XLOOKUP,"XLOOKUP: Lookup and reference:Searches a range or an array, and returns an item corresponding to the first match it finds. If a match doesn't exist, then XLOOKUP can return the closest (approximate) match."
XMATCH,XMATCH: Lookup and reference:Returns the relative position of an item in an array or range of cells.
XNPV,XNPV: Financial:Returns the net present value for a schedule of cash flows that is not necessarily periodic
XOR,XOR: Logical:Returns a logical exclusive OR of all arguments
YEAR,YEAR: Date and time:Converts a serial number to a year
YEARFRAC,YEARFRAC: Date and time:Returns the year fraction representing the number of whole days between start_date and end_date
YIELD,YIELD: Financial:Returns the yield on a security that pays periodic interest
YIELDDISC,"YIELDDISC: Financial:Returns the annual yield for a discounted security; for example, a Treasury bill"
YIELDMAT,YIELDMAT: Financial:Returns the annual yield of a security that pays interest at maturity
Z.TEST,Z.TEST: Statistical:Returns the one-tailed probability-value of a z-test
ZTEST,ZTEST: Compatibility:Returns the one-tailed probability-value of a z-test
